id;first_name;middle_name;last_name;age;phone_number;photo;photo_content_type;email
1;Gregorio;calculate;O'Keefe;26169;Spring Belize Dollar;../fake-data/blob/hipster.png;image/png;Eloy_Bogan@hotmail.com
2;Kolby;Administrator compressing paradigm;Hegmann;93432;envisioneer;../fake-data/blob/hipster.png;image/png;Tyler_Zemlak@hotmail.com
3;Francisca;Integration Grocery;McKenzie;72818;Handcrafted Rubber Car fault-t;../fake-data/blob/hipster.png;image/png;Pablo60@hotmail.com
4;Preston;global Springs Checking Account;Schmitt;31282;parsing Ergonomic quantify;../fake-data/blob/hipster.png;image/png;Dusty.Volkman43@yahoo.com
5;Lauren;Corporate Customer-focused;Buckridge;41210;Handcrafted Metal Bacon Saving;../fake-data/blob/hipster.png;image/png;Julianne.Rolfson@yahoo.com
6;Belle;online;Ankunding;10334;paradigms Dalasi Customer;../fake-data/blob/hipster.png;image/png;Jasen_Wiegand96@gmail.com
7;Eldridge;approach;Smith;31946;Gibraltar regional;../fake-data/blob/hipster.png;image/png;Carlos_Abshire@yahoo.com
8;Isidro;Corporate Enhanced payment;Bruen;48220;Agent neural;../fake-data/blob/hipster.png;image/png;Theresa_Gutkowski@gmail.com
9;Bridie;background Electronics;Pfeffer;3277;Music dynamic Ball;../fake-data/blob/hipster.png;image/png;Doris_DAmore@gmail.com
10;Fay;sexy Gorgeous;Robel;91335;Nicaragua Cambridgeshire;../fake-data/blob/hipster.png;image/png;Buster_Kessler34@gmail.com
